{"swagger":"2.0","info":{"title":"Default title","description":"This connector is very good connector and this connector will provide the user to search the books according to there needs.","version":"1.0"},"host":"www.googleapis.com","basePath":"/books/v1","schemes":["https"],"consumes":[],"produces":[],"paths":{"/volumes":{"get":{"responses":{"default":{"description":"default","schema":{"type":"object","properties":{"kind":{"type":"string","description":"kind"},"totalItems":{"type":"integer","format":"int32","description":"totalItems"},"items":{"type":"array","items":{"type":"object","properties":{"kind":{"type":"string","description":"kind"},"id":{"type":"string","description":"id"},"etag":{"type":"string","description":"etag"},"selfLink":{"type":"string","description":"selfLink"},"volumeInfo":{"type":"object","properties":{"title":{"type":"string","description":"title"},"authors":{"type":"array","items":{"type":"string"},"description":"authors"},"publisher":{"type":"string","description":"publisher"},"publishedDate":{"type":"string","description":"publishedDate"},"description":{"type":"string","description":"description"},"industryIdentifiers":{"type":"array","items":{"type":"object","properties":{"type":{"type":"string","description":"type"},"identifier":{"type":"string","description":"identifier"}}},"description":"industryIdentifiers"},"readingModes":{"type":"object","properties":{"text":{"type":"boolean","description":"text"},"image":{"type":"boolean","description":"image"}},"description":"readingModes"},"pageCount":{"type":"integer","format":"int32","description":"pageCount"},"printType":{"type":"string","description":"printType"},"categories":{"type":"array","items":{"type":"string"},"description":"categories"},"maturityRating":{"type":"string","description":"maturityRating"},"allowAnonLogging":{"type":"boolean","description":"allowAnonLogging"},"contentVersion":{"type":"string","description":"contentVersion"},"imageLinks":{"type":"object","properties":{"smallThumbnail":{"type":"string","description":"smallThumbnail"},"thumbnail":{"type":"string","description":"thumbnail"}},"description":"imageLinks"},"language":{"type":"string","description":"language"},"previewLink":{"type":"string","description":"previewLink"},"infoLink":{"type":"string","description":"infoLink"},"canonicalVolumeLink":{"type":"string","description":"canonicalVolumeLink"},"subtitle":{"type":"string","description":"subtitle"},"panelizationSummary":{"type":"object","properties":{"containsEpubBubbles":{"type":"boolean","description":"containsEpubBubbles"},"containsImageBubbles":{"type":"boolean","description":"containsImageBubbles"}},"description":"panelizationSummary"}},"description":"volumeInfo"},"saleInfo":{"type":"object","properties":{"country":{"type":"string","description":"country"},"saleability":{"type":"string","description":"saleability"},"isEbook":{"type":"boolean","description":"isEbook"},"listPrice":{"type":"object","properties":{"amount":{"type":"number","format":"float","description":"amount"},"currencyCode":{"type":"string","description":"currencyCode"}},"description":"listPrice"},"retailPrice":{"type":"object","properties":{"amount":{"type":"number","format":"float","description":"amount"},"currencyCode":{"type":"string","description":"currencyCode"}},"description":"retailPrice"},"buyLink":{"type":"string","description":"buyLink"},"offers":{"type":"array","items":{"type":"object","properties":{"finskyOfferType":{"type":"integer","format":"int32","description":"finskyOfferType"},"listPrice":{"type":"object","properties":{"amountInMicros":{"type":"integer","format":"int32","description":"amountInMicros"},"currencyCode":{"type":"string","description":"currencyCode"}},"description":"listPrice"},"retailPrice":{"type":"object","properties":{"amountInMicros":{"type":"integer","format":"int32","description":"amountInMicros"},"currencyCode":{"type":"string","description":"currencyCode"}},"description":"retailPrice"},"giftable":{"type":"boolean","description":"giftable"}}},"description":"offers"}},"description":"saleInfo"},"accessInfo":{"type":"object","properties":{"country":{"type":"string","description":"country"},"viewability":{"type":"string","description":"viewability"},"embeddable":{"type":"boolean","description":"embeddable"},"publicDomain":{"type":"boolean","description":"publicDomain"},"textToSpeechPermission":{"type":"string","description":"textToSpeechPermission"},"epub":{"type":"object","properties":{"isAvailable":{"type":"boolean","description":"isAvailable"},"acsTokenLink":{"type":"string","description":"acsTokenLink"}},"description":"epub"},"pdf":{"type":"object","properties":{"isAvailable":{"type":"boolean","description":"isAvailable"},"acsTokenLink":{"type":"string","description":"acsTokenLink"}},"description":"pdf"},"webReaderLink":{"type":"string","description":"webReaderLink"},"accessViewStatus":{"type":"string","description":"accessViewStatus"},"quoteSharingAllowed":{"type":"boolean","description":"quoteSharingAllowed"}},"description":"accessInfo"},"searchInfo":{"type":"object","properties":{"textSnippet":{"type":"string","description":"textSnippet"}},"description":"searchInfo"}}},"description":"items"}}}}},"summary":"Using action you can search the books","description":"Using action you can search the books","operationId":"SearchBooks","parameters":[{"name":"q","in":"query","required":false,"type":"string"}]}}},"definitions":{},"parameters":{},"responses":{},"securityDefinitions":{},"security":[],"tags":[],"x-ms-openai-manifest":{"humanName":"HHRR","modelDescription":"This connector is very good connector and this connector will provide the user to search the books according to there needs.","contactEmail":"admin@M365x25633610.onmicrosoft.com"}}