<ImportExportXml version="9.2.24061.200" SolutionPackageVersion="9.2" languagecode="1033" generatedBy="CrmLive" xmlns:xsi="http://www.w3.org/2001/XMLSchema-instance">
  <SolutionManifest>
    <UniqueName>PermitManagement</UniqueName>
    <LocalizedNames>
      <LocalizedName description="Permit Management" languagecode="1033" />
    </LocalizedNames>
    <Descriptions />
    <Version>1.0.0.6</Version>
    <Managed>0</Managed>
    <Publisher>
      <UniqueName>contoso</UniqueName>
      <LocalizedNames>
        <LocalizedName description="Contoso" languagecode="1033" />
      </LocalizedNames>
      <Descriptions />
      <EMailAddress xsi:nil="true"></EMailAddress>
      <SupportingWebsiteUrl xsi:nil="true"></SupportingWebsiteUrl>
      <CustomizationPrefix>contoso</CustomizationPrefix>
      <CustomizationOptionValuePrefix>33065</CustomizationOptionValuePrefix>
      <Addresses>
        <Address>
          <AddressNumber>1</AddressNumber>
          <AddressTypeCode>1</AddressTypeCode>
          <City xsi:nil="true"></City>
          <County xsi:nil="true"></County>
          <Country xsi:nil="true"></Country>
          <Fax xsi:nil="true"></Fax>
          <FreightTermsCode xsi:nil="true"></FreightTermsCode>
          <ImportSequenceNumber xsi:nil="true"></ImportSequenceNumber>
          <Latitude xsi:nil="true"></Latitude>
          <Line1 xsi:nil="true"></Line1>
          <Line2 xsi:nil="true"></Line2>
          <Line3 xsi:nil="true"></Line3>
          <Longitude xsi:nil="true"></Longitude>
          <Name xsi:nil="true"></Name>
          <PostalCode xsi:nil="true"></PostalCode>
          <PostOfficeBox xsi:nil="true"></PostOfficeBox>
          <PrimaryContactName xsi:nil="true"></PrimaryContactName>
          <ShippingMethodCode>1</ShippingMethodCode>
          <StateOrProvince xsi:nil="true"></StateOrProvince>
          <Telephone1 xsi:nil="true"></Telephone1>
          <Telephone2 xsi:nil="true"></Telephone2>
          <Telephone3 xsi:nil="true"></Telephone3>
          <TimeZoneRuleVersionNumber xsi:nil="true"></TimeZoneRuleVersionNumber>
          <UPSZone xsi:nil="true"></UPSZone>
          <UTCOffset xsi:nil="true"></UTCOffset>
          <UTCConversionTimeZoneCode xsi:nil="true"></UTCConversionTimeZoneCode>
        </Address>
        <Address>
          <AddressNumber>2</AddressNumber>
          <AddressTypeCode>1</AddressTypeCode>
          <City xsi:nil="true"></City>
          <County xsi:nil="true"></County>
          <Country xsi:nil="true"></Country>
          <Fax xsi:nil="true"></Fax>
          <FreightTermsCode xsi:nil="true"></FreightTermsCode>
          <ImportSequenceNumber xsi:nil="true"></ImportSequenceNumber>
          <Latitude xsi:nil="true"></Latitude>
          <Line1 xsi:nil="true"></Line1>
          <Line2 xsi:nil="true"></Line2>
          <Line3 xsi:nil="true"></Line3>
          <Longitude xsi:nil="true"></Longitude>
          <Name xsi:nil="true"></Name>
          <PostalCode xsi:nil="true"></PostalCode>
          <PostOfficeBox xsi:nil="true"></PostOfficeBox>
          <PrimaryContactName xsi:nil="true"></PrimaryContactName>
          <ShippingMethodCode>1</ShippingMethodCode>
          <StateOrProvince xsi:nil="true"></StateOrProvince>
          <Telephone1 xsi:nil="true"></Telephone1>
          <Telephone2 xsi:nil="true"></Telephone2>
          <Telephone3 xsi:nil="true"></Telephone3>
          <TimeZoneRuleVersionNumber xsi:nil="true"></TimeZoneRuleVersionNumber>
          <UPSZone xsi:nil="true"></UPSZone>
          <UTCOffset xsi:nil="true"></UTCOffset>
          <UTCConversionTimeZoneCode xsi:nil="true"></UTCConversionTimeZoneCode>
        </Address>
      </Addresses>
    </Publisher>
    <RootComponents>
      <RootComponent type="1" schemaName="contact" behavior="2" />
      <RootComponent type="1" schemaName="contoso_buildsite" behavior="0" />
      <RootComponent type="1" schemaName="contoso_inspection" behavior="0" />
      <RootComponent type="1" schemaName="contoso_newbuildsite" behavior="0" />
      <RootComponent type="1" schemaName="contoso_permit" behavior="0" />
      <RootComponent type="1" schemaName="contoso_permittype" behavior="0" />
      <RootComponent type="1" schemaName="systemuser" behavior="2" />
      <RootComponent type="9" schemaName="contoso_inspectiontype" behavior="0" />
      <RootComponent type="20" id="{2f5a3189-493f-ef11-a316-000d3a4ef5b4}" behavior="0" />
      <RootComponent type="29" id="{320ef4a6-273a-ef11-8409-0022482f2d30}" behavior="0" />
      <RootComponent type="29" id="{60b26cf7-fe39-ef11-8409-0022482f2d30}" behavior="0" />
      <RootComponent type="29" id="{7b6c90a0-fc39-ef11-8409-0022482f2d30}" behavior="0" />
      <RootComponent type="61" schemaName="contoso_PermitFormScripts.js" behavior="0" />
      <RootComponent type="62" schemaName="contoso_PermitManagement" behavior="0" />
      <RootComponent type="80" schemaName="contoso_PermitManagement" behavior="0" />
      <RootComponent type="91" id="{0879f9c3-a2a9-4f31-9a99-c0abb4735944}" schemaName="ContosoPackageProject, Version=1.0.0.0, Culture=neutral, PublicKeyToken=9e14bbd83a046a13" behavior="0" />
      <RootComponent type="92" id="{2637fcde-233e-ef11-8409-000d3a8b5b7e}" behavior="0" />
      <RootComponent type="300" schemaName="contoso_inspector_f2fc6" behavior="0" />
    </RootComponents>
    <MissingDependencies>
      <MissingDependency>
        <Required type="61" schemaName="msdyn_/Images/AppModule_Default_Icon.png" displayName="msdyn_/Images/AppModule_Default_Icon.png" solution="AppModuleWebResources (2.5)" />
        <Dependent type="80" schemaName="contoso_PermitManagement" displayName="Permit Management" />
      </MissingDependency>
      <MissingDependency>
        <Required type="SettingDefinition" displayName="AppChannel" solution="msdyn_AppFrameworkInfraExtensions (1.0.0.10)" id.uniquename="AppChannel" />
        <Dependent type="AppSetting" displayName="parentappmoduleid.uniquename=contoso_PermitManagement,settingdefinitionid.uniquename=AppChannel" id.parentappmoduleid.uniquename="contoso_PermitManagement" id.settingdefinitionid.uniquename="AppChannel" />
      </MissingDependency>
    </MissingDependencies>
  </SolutionManifest>
</ImportExportXml>