<appaction uniquename="contoso__LockPermit!226f5154bda749fe9c94a8cb8f8105a5!contoso_PermitManagement!contoso_permit!0">
  <appmoduleid>
    <uniquename>contoso_PermitManagement</uniquename>
  </appmoduleid>
  <buttonlabeltext default="Lock Permit">
    <label description="Lock Permit" languagecode="1033" />
  </buttonlabeltext>
  <buttontooltiptitle default="Lock Permit">
    <label description="Lock Permit" languagecode="1033" />
  </buttontooltiptitle>
  <context>1</context>
  <contextentity>
    <logicalname>contoso_permit</logicalname>
  </contextentity>
  <contextvalue>contoso_permit</contextvalue>
  <fonticon>AALinkedInLogo</fonticon>
  <hidden>0</hidden>
  <iscustomizable>1</iscustomizable>
  <isdisabled>0</isdisabled>
  <isgrouptitlehidden>0</isgrouptitlehidden>
  <location>0</location>
  <name>LockPermit!226f5154bda749fe9c94a8cb8f8105a5</name>
  <onclickeventjavascriptfunctionname>ContosoPermit.Scripts.PermitForm.lockPermit</onclickeventjavascriptfunctionname>
  <onclickeventjavascriptparameters>[{"type":5}]</onclickeventjavascriptparameters>
  <onclickeventjavascriptwebresourceid>
    <webresourceid>503de8a8-ff3d-ef11-8409-000d3a8b5b7e</webresourceid>
  </onclickeventjavascriptwebresourceid>
  <onclickeventtype>2</onclickeventtype>
  <origin>0</origin>
  <sequence>100100045.0000000000</sequence>
  <statecode>0</statecode>
  <statuscode>1</statuscode>
  <type>0</type>
  <visibilitytype>0</visibilitytype>
</appaction>