<ImportExportXml xmlns:xsi="http://www.w3.org/2001/XMLSchema-instance">
  <Entities></Entities>
  <Roles></Roles>
  <Workflows></Workflows>
  <FieldSecurityProfiles></FieldSecurityProfiles>
  <Templates />
  <EntityMaps />
  <EntityRelationships />
  <OrganizationSettings />
  <optionsets />
  <CustomControls />
  <EntityDataProviders />
  <Connectors>
    <Connector>
      <connectorid>5cde2e48-0eb6-41f7-8f53-90055ebe7afc</connectorid>
      <description>This connector is very good connector and this connector will provide the user to search the books according to there needs.</description>
      <displayname>My Connector</displayname>
      <iconbrandcolor>#007ee5</iconbrandcolor>
      <name>contoso_5Fmy-20connector</name>
      <connectortype>1</connectortype>
      <openapidefinition>/Connector/contoso_5Fmy-20connector_openapidefinition.json</openapidefinition>
      <connectionparameters>/Connector/contoso_5Fmy-20connector_connectionparameters.json</connectionparameters>
      <policytemplateinstances>/Connector/contoso_5Fmy-20connector_policytemplateinstances.json</policytemplateinstances>
      <iconblob>/Connector/contoso_5Fmy-20connector_iconblob.Png</iconblob>
    </Connector>
  </Connectors>
  <Languages>
    <Language>1033</Language>
  </Languages>
</ImportExportXml>